"year","country","region","primary_enrollment","secondary_enrollment","tertiary_enrollment","gender_parity_primary","gender_parity_secondary"
1990,"Kenya","Sub-Saharan Africa",54.7146610618265,31.0770314632097,2.48616251705678,0.726317022735741,0.668211660916882
1991,"Kenya","Sub-Saharan Africa",59.3621597319604,33.8780377629954,2.71024302103963,0.763811409455153,0.702706496698741
1992,"Kenya","Sub-Saharan Africa",57.8103794149497,31.9760211490503,2.55808169192402,0.782686680453318,0.720071746017052
1993,"Kenya","Sub-Saharan Africa",55.9317118223063,26.2479934062591,2.09983947250073,0.803360802327528,0.739091938141326
1994,"Kenya","Sub-Saharan Africa",58.2439143619558,30.2362266419776,2.41889813135821,0.767159095428637,0.705786367794346
1995,"Kenya","Sub-Saharan Africa",57.3849989547959,31.234448813215,2.4987559050572,0.798870608113392,0.734960959464321
1996,"Kenya","Sub-Saharan Africa",60.9617398081459,33.0463956983595,2.64371165586876,0.77220797403139,0.710431336108879
1997,"Kenya","Sub-Saharan Africa",64.3971173422826,35.9994017455061,2.87995213964049,0.816704874236236,0.751368484297337
1998,"Kenya","Sub-Saharan Africa",64.8310034067123,37.2842688824352,2.98274151059481,0.811585480331993,0.746658641905433
1999,"Kenya","Sub-Saharan Africa",65.1385920994093,33.4261587690208,2.67409270152166,0.807622727713125,0.743012909496075
2000,"Kenya","Sub-Saharan Africa",68.1243190593148,34.8210384724963,2.7856830777997,0.806857148294757,0.742308576431177
2001,"Kenya","Sub-Saharan Africa",66.0374159231027,44.2450879093607,3.53960703274885,0.814656392821157,0.749483881395464
2002,"Kenya","Sub-Saharan Africa",66.7989243301456,37.0367629384878,2.96294103507902,0.846023221839786,0.778341364092603
2003,"Kenya","Sub-Saharan Africa",73.158757869748,48.9806061114554,3.91844848891643,0.823062852950413,0.75721782471438
2004,"Kenya","Sub-Saharan Africa",66.0081757300696,35.8892748189791,2.87114198551833,0.857830194180645,0.789203778646193
2005,"Kenya","Sub-Saharan Africa",68.3413338275442,33.8571038902211,2.70856831121769,0.862640528481022,0.793629286202541
2006,"Kenya","Sub-Saharan Africa",72.6988300785998,36.3425447878899,2.90740358303119,0.860602642467152,0.79175443106978
2007,"Kenya","Sub-Saharan Africa",73.2622642525009,41.4112604474816,3.31290083579853,0.884754904580147,0.813974512213735
2008,"Kenya","Sub-Saharan Africa",74.8620546142163,45.4915934372436,3.63932747497949,0.872291882367816,0.802508531778391
2009,"Kenya","Sub-Saharan Africa",75.2430323815233,37.1959916393543,2.97567933114834,0.856277166873623,0.787774993523733
2010,"Kenya","Sub-Saharan Africa",77.2955424353088,43.5749435344053,3.48599548275242,0.879477583653808,0.809119376961503
2011,"Kenya","Sub-Saharan Africa",78.4366230053738,41.4113064384154,3.31290451507323,0.918245882648134,0.844786212036283
2012,"Kenya","Sub-Saharan Africa",76.4310992199636,42.9394306659041,3.43515445327233,0.915573230609163,0.84232737216043
2013,"Kenya","Sub-Saharan Africa",82.4896709919116,50.1532530205006,4.01226024164004,0.913762034406589,0.840661071654062
2014,"Kenya","Sub-Saharan Africa",78.5469619890332,48.0671973377085,3.84537578701668,0.923796794579697,0.849893051013321
2015,"Kenya","Sub-Saharan Africa",78.5232388050865,43.4148332746153,3.47318666196922,0.945801887773665,0.870137736751772
2016,"Kenya","Sub-Saharan Africa",86.0918450078604,51.6442820321378,4.13154256257102,0.954742668189465,0.878363254734308
2017,"Kenya","Sub-Saharan Africa",86.9186510375102,44.6999296340322,3.57599437072258,0.939012572125811,0.863891566355746
2018,"Kenya","Sub-Saharan Africa",87.2357398732564,44.2547256053197,3.54037804842558,0.908135732918136,0.835484874284685
2019,"Kenya","Sub-Saharan Africa",84.4474723262998,42.3517482114472,3.38813985691578,0.951380925905794,0.875270451833331
2020,"Kenya","Sub-Saharan Africa",86.3676099082164,53.0563472102081,4.24450777681665,0.96792488193635,0.890490891381442
1990,"Tanzania","Sub-Saharan Africa",58.3248536527445,30.6042084573389,2.44833667658711,0.770834992091784,0.709168192724441
1991,"Tanzania","Sub-Saharan Africa",56.3421289015234,28.7834262499579,2.30267409999663,0.719531211142778,0.661968714251356
1992,"Tanzania","Sub-Saharan Africa",56.4775234811706,30.4230930760017,2.43384744608013,0.754270293841913,0.69392867033456
1993,"Tanzania","Sub-Saharan Africa",60.2580883035861,31.5045254959922,2.52036203967937,0.762905399008015,0.701872967087374
1994,"Tanzania","Sub-Saharan Africa",59.4704630952135,30.4364386149143,2.43491508919314,0.814751338123222,0.749571231073364
1995,"Tanzania","Sub-Saharan Africa",57.1205095168953,29.8513698291021,2.38810958632817,0.798368121115506,0.734498671426266
1996,"Tanzania","Sub-Saharan Africa",58.8782477745378,36.0833395488923,2.88666716391139,0.768091713028507,0.706644375986227
1997,"Tanzania","Sub-Saharan Africa",58.1443842069619,40.1725196129976,3.21380156903981,0.82141089153795,0.755698020214914
1998,"Tanzania","Sub-Saharan Africa",60.948196324681,35.7090313669044,2.85672250935235,0.823382392007671,0.757511800647057
1999,"Tanzania","Sub-Saharan Africa",64.0861626177087,35.0282879396646,2.80226303517317,0.811817513522132,0.746872112440361
2000,"Tanzania","Sub-Saharan Africa",63.5079130075873,38.8330911332529,3.10664729066024,0.821316474054089,0.755611156129762
2001,"Tanzania","Sub-Saharan Africa",68.6088028232352,33.665142272568,2.69321138180544,0.814713195967494,0.749536140290094
2002,"Tanzania","Sub-Saharan Africa",66.7831351528605,33.6344827497336,2.69075861997869,0.875051350294569,0.805047242271004
2003,"Tanzania","Sub-Saharan Africa",74.0317883715489,42.7816531584084,3.42253225267267,0.858991195089002,0.790271899481882
2004,"Tanzania","Sub-Saharan Africa",71.3847581897801,39.3732129490009,3.14985703592007,0.83202262638254,0.765460816271937
2005,"Tanzania","Sub-Saharan Africa",72.7430257514389,40.3943113937236,3.23154491149789,0.877585651609987,0.807378799481188
2006,"Tanzania","Sub-Saharan Africa",73.6895298224045,41.5456011413444,3.32364809130755,0.849421935412568,0.781468180579563
2007,"Tanzania","Sub-Saharan Africa",76.2567779692832,40.4898382538563,3.2391870603085,0.883854931369182,0.813146536859647
2008,"Tanzania","Sub-Saharan Africa",76.4076813352967,42.2695495186535,3.38156396149228,0.869129425348233,0.799599071320374
2009,"Tanzania","Sub-Saharan Africa",76.8154718353107,42.6473111919977,3.41178489535982,0.880228428790382,0.809810154487152
2010,"Tanzania","Sub-Saharan Africa",76.5294001492519,35.7432896879196,2.85946317503357,0.878593326285693,0.808305860182838
2011,"Tanzania","Sub-Saharan Africa",76.559121520328,46.5974276840261,3.72779421472209,0.858157471547766,0.789504873823945
2012,"Tanzania","Sub-Saharan Africa",79.6396642898911,43.2187835531157,3.45750268424926,0.906889073284623,0.834337947421854
2013,"Tanzania","Sub-Saharan Africa",79.2402360599303,42.4723242922185,3.39778594337748,0.875239548721769,0.805220384824028
2014,"Tanzania","Sub-Saharan Africa",77.1666453103835,43.76172373256,3.5009378986048,0.95288569551967,0.876654839878096
2015,"Tanzania","Sub-Saharan Africa",81.9525923341208,45.3271209322919,3.62616967458335,0.902526612573879,0.830324483567968
2016,"Tanzania","Sub-Saharan Africa",80.2545822264699,44.6174656533291,3.56939725226633,0.913451189062997,0.840375093937957
2017,"Tanzania","Sub-Saharan Africa",84.9751359377953,44.4735309636669,3.55788247709335,0.961077981638609,0.884191743107521
2018,"Tanzania","Sub-Saharan Africa",85.3120898840213,48.6340975477233,3.89072780381786,0.945005738742105,0.869405279642737
2019,"Tanzania","Sub-Saharan Africa",85.7433876916352,49.6739399514509,3.97391519611607,0.954118263358388,0.877788802289717
2020,"Tanzania","Sub-Saharan Africa",89.2460986674501,47.785962417547,3.82287699340376,0.988952089734256,0.909835922555515
1990,"Uganda","Sub-Saharan Africa",50.6330069101246,28.4564126158003,2.27651300926402,0.779207491914955,0.716870892561759
1991,"Uganda","Sub-Saharan Africa",59.7866898495254,32.2347127999935,2.57877702399948,0.766828586530239,0.70548229960782
1992,"Uganda","Sub-Saharan Africa",53.7096686759559,24.5960488320402,1.96768390656322,0.762496805745075,0.701497061285469
1993,"Uganda","Sub-Saharan Africa",60.846610375822,37.4480572772095,2.99584458217676,0.768624726100602,0.707134748012554
1994,"Uganda","Sub-Saharan Africa",63.8546764829964,32.9078298189469,2.63262638551575,0.806116508668246,0.741627187974787
1995,"Uganda","Sub-Saharan Africa",62.4398945673827,31.8992377008509,2.55193901606807,0.817981042047988,0.752542558684149
1996,"Uganda","Sub-Saharan Africa",60.0470360133924,31.7705730399223,2.54164584319378,0.782982500385786,0.720343900354923
1997,"Uganda","Sub-Saharan Africa",63.1253040567707,30.2016050782414,2.41612840625931,0.789500123424527,0.726340113550565
1998,"Uganda","Sub-Saharan Africa",66.0475040843776,41.199558370329,3.29596466962632,0.763107750035975,0.702059130033097
1999,"Uganda","Sub-Saharan Africa",68.7381216209814,39.4661221514446,3.15728977211557,0.803666003819726,0.739372723514148
2000,"Uganda","Sub-Saharan Africa",69.0606383118713,34.3019859231474,2.74415887385179,0.844617769214531,0.777048347677369
2001,"Uganda","Sub-Saharan Africa",66.9141364399375,37.5703730631014,3.00562984504811,0.811037172104633,0.746154198336263
2002,"Uganda","Sub-Saharan Africa",70.2477617200379,41.324394196297,3.30595153570376,0.852450454237996,0.784254417898957
2003,"Uganda","Sub-Saharan Africa",68.2619684512602,38.1678412646876,3.05342730117501,0.83414259988443,0.767411191893676
2004,"Uganda","Sub-Saharan Africa",70.7060376613887,40.4871603880513,3.2389728310441,0.851161832396094,0.783068885804406
2005,"Uganda","Sub-Saharan Africa",71.3894529120131,36.7269638208696,2.93815710566957,0.827284803639298,0.761102019348154
2006,"Uganda","Sub-Saharan Africa",70.3636316909042,36.6477908625822,2.93182326900657,0.827017329778285,0.760855943396022
2007,"Uganda","Sub-Saharan Africa",77.8199529653485,42.5235465277957,3.40188372222365,0.845359922258527,0.777731128477845
2008,"Uganda","Sub-Saharan Africa",76.2947618246532,43.5770193962388,3.48616155169911,0.872366082168488,0.802576795595009
2009,"Uganda","Sub-Saharan Africa",76.564248297406,39.038139731082,3.12305117848656,0.885590600121138,0.814743352111447
2010,"Uganda","Sub-Saharan Africa",75.9435097239506,42.0648464118465,3.36518771294772,0.930163310194967,0.85575024537937
2011,"Uganda","Sub-Saharan Africa",76.7858866253068,40.9604428593036,3.27683542874429,0.85380557077941,0.785501125117057
2012,"Uganda","Sub-Saharan Africa",76.3105284245095,44.3573571097816,3.54858856878253,0.925515980801336,0.851474702337229
2013,"Uganda","Sub-Saharan Africa",83.7197656895949,48.703246611986,3.89625972895888,0.874886457382958,0.804895540792322
2014,"Uganda","Sub-Saharan Africa",83.9018195348111,44.9798178212136,3.59838542569709,0.922746603665148,0.848926875371936
2015,"Uganda","Sub-Saharan Africa",82.198535359474,42.219099426526,3.37752795412208,0.931993911910708,0.857434398957852
2016,"Uganda","Sub-Saharan Africa",85.2357187614298,48.6889440598813,3.8951155247905,0.943064181443273,0.867619046927812
2017,"Uganda","Sub-Saharan Africa",86.2421232531177,45.4859279850572,3.63887423880458,0.876961588585536,0.806804661498693
2018,"Uganda","Sub-Saharan Africa",88.3607914525181,50.7589758537782,4.06071806830226,0.938983397931495,0.863864726096976
2019,"Uganda","Sub-Saharan Africa",85.6397595418894,47.770290528251,3.82162324226008,0.975080995521398,0.897074515879686
2020,"Uganda","Sub-Saharan Africa",86.1164580394921,48.4484447227201,3.87587557781761,0.940071438344788,0.864865723277205
1990,"Rwanda","Sub-Saharan Africa",55.5955617467597,36.1541324828464,2.89233059862772,0.717113244746446,0.65974418516673
1991,"Rwanda","Sub-Saharan Africa",56.2755113563867,29.6697176455867,2.37357741164694,0.776092084818073,0.714004718032627
1992,"Rwanda","Sub-Saharan Africa",62.2889234444102,32.3158721164919,2.58526976931935,0.752844267561884,0.692616726156933
1993,"Rwanda","Sub-Saharan Africa",54.3851172346222,30.1542303847274,2.41233843077819,0.780080362600111,0.717673933592103
1994,"Rwanda","Sub-Saharan Africa",61.4266717632534,32.8976278135153,2.63181022508123,0.768940556572493,0.707425312046693
1995,"Rwanda","Sub-Saharan Africa",62.2708319584499,36.5459027201883,2.92367221761506,0.782083182380617,0.719516527790168
1996,"Rwanda","Sub-Saharan Africa",59.3965728043676,30.4970663912238,2.43976531129791,0.772907691953181,0.711075076596926
1997,"Rwanda","Sub-Saharan Africa",67.1206568493859,31.3246613467306,2.50597290773845,0.763886634423552,0.702775703669668
1998,"Rwanda","Sub-Saharan Africa",59.348473307881,33.3692594154341,2.66954075323472,0.81394383033209,0.748828323905523
1999,"Rwanda","Sub-Saharan Africa",66.8211106518444,33.9729801667424,2.7178384133394,0.832379575644614,0.765789209593044
2000,"Rwanda","Sub-Saharan Africa",65.3225688476638,33.5434347233154,2.68347477786523,0.787347021562147,0.724359259837175
2001,"Rwanda","Sub-Saharan Africa",68.0042474557381,36.3917908997109,2.91134327197687,0.820076765824012,0.754470624558091
2002,"Rwanda","Sub-Saharan Africa",71.8027422615466,38.8206820412799,3.10565456330239,0.869432808050535,0.799878183406492
2003,"Rwanda","Sub-Saharan Africa",66.1750609246783,38.8266249825539,3.10612999860431,0.804861788983346,0.740472845864678
2004,"Rwanda","Sub-Saharan Africa",66.7099617598437,34.308632706949,2.74469061655592,0.833934430279149,0.767219675856817
2005,"Rwanda","Sub-Saharan Africa",72.7514638083615,37.5701884425434,3.00561507540347,0.85895095475658,0.790234878376053
2006,"Rwanda","Sub-Saharan Africa",73.2283261502616,40.6088512152325,3.2487080972186,0.855062939490351,0.786657904331123
2007,"Rwanda","Sub-Saharan Africa",74.9706272177614,40.3030700336712,3.2242456026937,0.878973720731179,0.808655823072685
2008,"Rwanda","Sub-Saharan Africa",72.2744080047147,36.323151924274,2.90585215394192,0.910660535796981,0.837807692933223
2009,"Rwanda","Sub-Saharan Africa",73.8398945666083,45.2329337962277,3.61863470369821,0.915993689624741,0.842714194454762
2010,"Rwanda","Sub-Saharan Africa",79.5503441140141,48.2558049709616,3.86046439767693,0.898114138047566,0.826265007003761
2011,"Rwanda","Sub-Saharan Africa",75.1398793698065,39.5854114219444,3.16683291375556,0.890050823388237,0.818846757517179
2012,"Rwanda","Sub-Saharan Africa",79.2171020328443,39.8563349443431,3.18850679554745,0.906862430530928,0.834313436088453
2013,"Rwanda","Sub-Saharan Africa",80.87007327949,47.7773957273857,3.82219165819086,0.914133067591424,0.84100242218411
2014,"Rwanda","Sub-Saharan Africa",81.494627502849,40.0899027168648,3.20719221734918,0.895464227946998,0.823827089711238
2015,"Rwanda","Sub-Saharan Africa",81.8169518406712,44.6836364547064,3.57469091637652,0.92515898644016,0.851146267524947
2016,"Rwanda","Sub-Saharan Africa",82.1558858592013,48.139645562088,3.85117164496704,0.913620161552947,0.840530548628712
2017,"Rwanda","Sub-Saharan Africa",88.2074394136342,51.9927906590197,4.15942325272157,0.952890879573925,0.876659609208011
2018,"Rwanda","Sub-Saharan Africa",87.3444008686448,46.8488783541531,3.74791026833224,0.967908644867976,0.890475953278538
2019,"Rwanda","Sub-Saharan Africa",86.0515278608395,45.1644729416503,3.61315783533202,0.974049535681525,0.896125572827003
2020,"Rwanda","Sub-Saharan Africa",88.7794083992447,45.4984495042965,3.63987596034372,0.978018744155874,0.899777244623404
1990,"Ethiopia","Sub-Saharan Africa",55.0738194722511,28.8433084676546,2.30746467741237,0.761045773091517,0.700162111244195
1991,"Ethiopia","Sub-Saharan Africa",56.8391303686547,35.4659027155863,2.83727221724691,0.777240290097478,0.715061066889679
1992,"Ethiopia","Sub-Saharan Africa",54.7784923420826,34.2562350287227,2.74049880229782,0.778134835065908,0.715884048260635
1993,"Ethiopia","Sub-Saharan Africa",57.8286366342741,31.8484558685769,2.54787646948615,0.77943365274973,0.717078960529752
1994,"Ethiopia","Sub-Saharan Africa",60.5636152878724,36.7121414498894,2.93697131599115,0.781224572225452,0.718726606447416
1995,"Ethiopia","Sub-Saharan Africa",58.2331278688785,32.4680922224713,2.5974473777977,0.746143499397485,0.686452019445686
1996,"Ethiopia","Sub-Saharan Africa",60.1606442047045,30.7883257283721,2.46306605826977,0.782316543386561,0.719731219915636
1997,"Ethiopia","Sub-Saharan Africa",62.4173976151822,33.6305725534187,2.6904458042735,0.805349662073032,0.74092168910719
1998,"Ethiopia","Sub-Saharan Africa",64.9331082836863,35.3443159271132,2.82754527416905,0.785565793021328,0.722720529579621
1999,"Ethiopia","Sub-Saharan Africa",62.9677283669127,38.88851259952,3.1110810079616,0.809474530897908,0.744716568426076
2000,"Ethiopia","Sub-Saharan Africa",65.3548455411438,38.7435552794904,3.09948442235924,0.778276180273722,0.716014085851824
2001,"Ethiopia","Sub-Saharan Africa",64.9683052983085,33.4909597914307,2.67927678331445,0.823701303656679,0.757805199364145
2002,"Ethiopia","Sub-Saharan Africa",69.7441757086544,42.3083278571453,3.38466622857163,0.798474177359219,0.734596243170481
2003,"Ethiopia","Sub-Saharan Africa",69.293989055557,40.0663964294495,3.20531171435596,0.857749589951918,0.789129622755765
2004,"Ethiopia","Sub-Saharan Africa",73.300089448394,44.2920524616144,3.54336419692915,0.860642269525474,0.791790887963436
2005,"Ethiopia","Sub-Saharan Africa",73.0418559018089,38.3074228420508,3.06459382736406,0.843646416925906,0.776154703571834
2006,"Ethiopia","Sub-Saharan Africa",74.5859821679497,43.3312111353901,3.46649689083121,0.86520628944288,0.79598978628745
2007,"Ethiopia","Sub-Saharan Africa",73.2539194193103,38.751454776137,3.10011638209096,0.857151172071694,0.788579078305959
2008,"Ethiopia","Sub-Saharan Africa",73.1640891019419,43.0478383183929,3.44382706547143,0.882080872311106,0.811514402526217
2009,"Ethiopia","Sub-Saharan Africa",74.9250653913959,41.2857737016147,3.30286189612917,0.899914097861276,0.827920970032374
2010,"Ethiopia","Sub-Saharan Africa",78.9469250079961,46.363487364198,3.70907898913584,0.904455411946171,0.832098978990477
2011,"Ethiopia","Sub-Saharan Africa",76.8050564679176,42.7335983067066,3.41868786453653,0.912947461803871,0.839911664859561
2012,"Ethiopia","Sub-Saharan Africa",77.8766680790934,41.0696340856567,3.28557072685254,0.890459929618993,0.819223135249474
2013,"Ethiopia","Sub-Saharan Africa",78.0392631987246,40.7103449375232,3.25682759500186,0.900430586631425,0.828396139700911
2014,"Ethiopia","Sub-Saharan Africa",79.9768555687022,44.1941964798837,3.5355357183907,0.88670214183796,0.815765970490923
2015,"Ethiopia","Sub-Saharan Africa",82.4897458121245,44.1708749984647,3.53366999987718,0.952734129466207,0.876515399108911
2016,"Ethiopia","Sub-Saharan Africa",84.3976766779704,44.2458651778822,3.53966921423058,0.927210337869338,0.853033510839791
2017,"Ethiopia","Sub-Saharan Africa",87.052661849639,46.335571493488,3.70684571947904,0.951222793853143,0.875124970344892
2018,"Ethiopia","Sub-Saharan Africa",82.7050339848403,44.4798406700642,3.55838725360514,0.913444271889778,0.840368730138596
2019,"Ethiopia","Sub-Saharan Africa",84.5981840610426,40.7627919544064,3.26102335635251,0.968456583417929,0.890980056744494
2020,"Ethiopia","Sub-Saharan Africa",89.8011726711384,50.7766120564119,4.06212896451295,0.951106665593834,0.875018132346327
1990,"India","South Asia",62.8929411220144,43.3325390171771,10.8331347542943,0.718500858800639,0.661020790096588
1991,"India","South Asia",71.3774105630702,45.4941696418279,11.373542410457,0.730185868339651,0.671770998872479
1992,"India","South Asia",68.0297380412067,46.7064534303709,11.6766133575927,0.705736864591539,0.649277915424216
1993,"India","South Asia",68.6046576097529,45.7367848029477,11.4341962007369,0.731628569250313,0.673098283710288
1994,"India","South Asia",66.0434905412526,38.9632990794264,9.74082476985661,0.742654411468003,0.683242058550563
1995,"India","South Asia",66.8281272271634,47.9001993298065,11.9750498324516,0.761657302626982,0.700724718416823
1996,"India","South Asia",69.0281162415,51.9066878036224,12.9766719509056,0.751427911804823,0.691313678860438
1997,"India","South Asia",70.9657034071965,46.1509050735818,11.5377262683955,0.761858512468767,0.700909831471266
1998,"India","South Asia",69.934586244655,46.3986252672757,11.5996563168189,0.789606453945165,0.726437937629552
1999,"India","South Asia",72.990989968249,55.4032857195999,13.8508214299,0.768828298189135,0.707322034334004
2000,"India","South Asia",72.8504203637336,52.0052680968795,13.0013170242199,0.783975319749426,0.721257294169472
2001,"India","South Asia",77.8237238083931,54.4823352060455,13.6205838015114,0.797222622671058,0.733444812857374
2002,"India","South Asia",78.1881940351261,50.4284745034959,12.607118625874,0.823674940209267,0.757780944992526
2003,"India","South Asia",76.2075302520753,57.0837646789266,14.2709411697317,0.809050082786832,0.744326076163886
2004,"India","South Asia",77.1622515452268,52.7719356118518,13.192983902963,0.839230890607833,0.772092419359206
2005,"India","South Asia",80.9280777005629,57.157205759721,14.2893014399302,0.854184941513667,0.785850146192574
2006,"India","South Asia",78.6947741267289,50.0347103362875,12.5086775840719,0.856446657244077,0.787930924664551
2007,"India","South Asia",83.2689078206397,54.7303908949176,13.6825977237294,0.871540435223538,0.801817200405655
2008,"India","South Asia",77.8091262707697,57.6096209712641,14.402405242816,0.873369429515499,0.803499875154259
2009,"India","South Asia",83.3623774584086,54.4962459603318,13.624061490083,0.844181696087576,0.77664716040057
2010,"India","South Asia",87.0864807169471,61.3530091444083,15.3382522861021,0.877096579811434,0.806928853426519
2011,"India","South Asia",83.0699123648949,57.2980972655822,14.3245243163956,0.875747427412597,0.805687633219589
2012,"India","South Asia",86.008151797837,57.8002162473831,14.4500540618458,0.903154864666109,0.83090247549282
2013,"India","South Asia",89.8141139824508,65.6752039129781,16.4188009782445,0.919604344227874,0.846035996689644
2014,"India","South Asia",87.1640135937402,61.2535541661257,15.3133885415314,0.918631614602547,0.845141085434344
2015,"India","South Asia",89.3768942547791,60.1337183833216,15.0334295958304,0.931001557417761,0.85652143282434
2016,"India","South Asia",92.1795930408472,64.5396520314937,16.1349130078734,0.934710143015008,0.859933331573807
2017,"India","South Asia",93.4118862709138,63.7844649776579,15.9461162444145,0.962582323660313,0.885575737767488
2018,"India","South Asia",93.8790813138037,63.4537145298438,15.863428632461,0.933412703965731,0.858739687648473
2019,"India","South Asia",90.9792925461364,69.6248736363774,17.4062184090943,0.976356175520012,0.898247681478411
2020,"India","South Asia",95.7678439673032,68.6366419671574,17.1591604917894,0.989226999261987,0.910088839321028
1990,"Bangladesh","South Asia",64.8484878897872,44.8699268289185,11.2174817072296,0.710976986886223,0.654098827935325
1991,"Bangladesh","South Asia",67.1316473843553,45.1408776930354,11.2852194232589,0.741081693397374,0.681795157925584
1992,"Bangladesh","South Asia",71.3204947012612,47.1318817610238,11.7829704402559,0.736004745056948,0.677124365452392
1993,"Bangladesh","South Asia",69.4959434003682,51.4599112323901,12.8649778080975,0.687151967132291,0.632179809761707
1994,"Bangladesh","South Asia",67.9874168104065,46.6516663082775,11.6629165770694,0.722217689050472,0.664440273926434
1995,"Bangladesh","South Asia",68.6999334559428,46.9881032854672,11.7470258213668,0.718207335152387,0.660750748340196
1996,"Bangladesh","South Asia",66.5216910734113,53.014709837656,13.253677459414,0.767201295551012,0.705825191906931
1997,"Bangladesh","South Asia",71.6892526556068,46.1950272208506,11.5487568052126,0.71244793215453,0.655452097582168
1998,"Bangladesh","South Asia",74.8558900932035,51.7908928154028,12.9477232038507,0.751879826098873,0.691729440010964
1999,"Bangladesh","South Asia",71.3600168777087,50.792974474483,12.6982436186208,0.738101508986047,0.679053388267163
2000,"Bangladesh","South Asia",76.7473409699252,53.6674368932506,13.4168592233126,0.825823164266588,0.759757311125261
2001,"Bangladesh","South Asia",73.8414138579382,52.6844196277078,13.1711049069269,0.76048952054414,0.699650358900608
2002,"Bangladesh","South Asia",79.4098841699552,58.3786805535551,14.5946701383888,0.837757349548102,0.770736761584254
2003,"Bangladesh","South Asia",74.9930753962081,53.0641352825672,13.2660338206418,0.8222896490797,0.756506477153324
2004,"Bangladesh","South Asia",77.7708179087371,53.6279385691474,13.4069846422869,0.810398062103372,0.745566217135102
2005,"Bangladesh","South Asia",79.1004033589377,54.4556107647165,13.6139026911791,0.823614091924401,0.757724964570449
2006,"Bangladesh","South Asia",78.598384341347,59.6822703997834,14.9205675999458,0.877564572178875,0.807359406404565
2007,"Bangladesh","South Asia",80.1340517342521,54.5718989007605,13.6429747251901,0.826207138675558,0.760110567581513
2008,"Bangladesh","South Asia",83.164262393028,61.7971374386507,15.4492843596627,0.855209732403811,0.786792953811506
2009,"Bangladesh","South Asia",86.541421013175,64.9736509758357,16.2434127439589,0.863648634187467,0.79455674345247
2010,"Bangladesh","South Asia",85.8460889264948,60.6336904113382,15.1584226028345,0.861457503688279,0.792540903393216
2011,"Bangladesh","South Asia",84.0781449697717,60.2205210473604,15.0551302618401,0.897872414007602,0.826042620886994
2012,"Bangladesh","South Asia",91.8634463286533,65.9123849984396,16.4780962496099,0.948563952466275,0.872678836268973
2013,"Bangladesh","South Asia",87.9936976647512,60.4331252077461,15.1082813019365,0.890678777739421,0.819424475520267
2014,"Bangladesh","South Asia",86.9964994489525,61.7045223029487,15.4261305757372,0.924986573302,0.85098764743784
2015,"Bangladesh","South Asia",88.7992185943498,65.0753163087556,16.2688290771889,0.93856089564891,0.863476023996997
2016,"Bangladesh","South Asia",90.6892831422255,59.3536930311491,14.8384232577873,0.978525635104127,0.900243584295797
2017,"Bangladesh","South Asia",94.4142839530619,67.3999460081241,16.849986502031,0.921766814171913,0.84802546903816
2018,"Bangladesh","South Asia",92.6746609219303,58.7151635598484,14.6787908899621,0.94044700371875,0.86521124342125
2019,"Bangladesh","South Asia",97.7095703263796,67.2641706097518,16.816042652438,0.98032653895744,0.901900415840845
2020,"Bangladesh","South Asia",94.1744431164563,58.0206373704603,14.5051593426151,0.956228197794651,0.879729941971079
1990,"Nigeria","Sub-Saharan Africa",54.409525795534,29.4909517201125,2.359276137609,0.75218486786345,0.692010078434374
1991,"Nigeria","Sub-Saharan Africa",54.2891298469535,33.7434747693095,2.69947798154476,0.749728194092045,0.689749938564681
1992,"Nigeria","Sub-Saharan Africa",59.1628862752957,34.6801315365558,2.77441052292446,0.750101541346223,0.690093418038526
1993,"Nigeria","Sub-Saharan Africa",56.1701170083645,27.4400898963343,2.19520719170674,0.774912511678135,0.712919510743885
1994,"Nigeria","Sub-Saharan Africa",58.8156411881632,30.439397039609,2.43515176316872,0.760669966448944,0.699816369133029
1995,"Nigeria","Sub-Saharan Africa",62.501305767828,30.2884721480035,2.42307777184028,0.716567022664714,0.659241660851536
1996,"Nigeria","Sub-Saharan Africa",62.2535297200538,31.0084089074181,2.48067271259345,0.803775960404867,0.739473883572478
1997,"Nigeria","Sub-Saharan Africa",65.6928523838084,36.8071234404031,2.94456987523225,0.831576775920137,0.765050633846526
1998,"Nigeria","Sub-Saharan Africa",65.3599619240923,34.3145510196942,2.74516408157553,0.818683336136285,0.753188669245382
1999,"Nigeria","Sub-Saharan Africa",61.6580925029347,35.8257659719455,2.86606127775564,0.841718653057527,0.774381160812925
2000,"Nigeria","Sub-Saharan Africa",71.0135494465564,38.3860709427008,3.07088567541607,0.812511538725521,0.747510615627479
2001,"Nigeria","Sub-Saharan Africa",70.8051721045698,42.1329892165498,3.37063913732399,0.815186822570854,0.749971876765186
2002,"Nigeria","Sub-Saharan Africa",69.1329272161178,36.7407270327206,2.93925816261765,0.847882824882144,0.780052198891573
2003,"Nigeria","Sub-Saharan Africa",68.2843157819713,40.8367292977587,3.26693834382069,0.839025154426788,0.771903142072645
2004,"Nigeria","Sub-Saharan Africa",70.3920170482406,38.1825030016855,3.05460024013484,0.811583283301596,0.746656620637469
2005,"Nigeria","Sub-Saharan Africa",74.6687827165808,39.9970449718023,3.19976359774418,0.855445225927913,0.78700960785368
2006,"Nigeria","Sub-Saharan Africa",72.718005935435,39.6457687814015,3.17166150251212,0.868554199112234,0.799069863183255
2007,"Nigeria","Sub-Saharan Africa",73.6337546703989,43.0616211969588,3.4449296957567,0.861881602512512,0.792931074311511
2008,"Nigeria","Sub-Saharan Africa",77.8481782140865,44.7612904653703,3.58090323722963,0.846383105806518,0.778672457341997
2009,"Nigeria","Sub-Saharan Africa",76.0182197786192,40.1172312181625,3.209378497453,0.867156649867234,0.797784117877855
2010,"Nigeria","Sub-Saharan Africa",77.7283571890522,46.0758234729279,3.68606587783423,0.927843567008776,0.853616081648074
2011,"Nigeria","Sub-Saharan Africa",78.9415662422587,49.4013954957403,3.95211163965922,0.891335973123304,0.82002909527344
2012,"Nigeria","Sub-Saharan Africa",78.6036483548852,47.4611734856721,3.79689387885377,0.921774183964618,0.848032249247449
2013,"Nigeria","Sub-Saharan Africa",81.3068065706173,48.391567190457,3.87132537523656,0.942982846137137,0.867544218446166
2014,"Nigeria","Sub-Saharan Africa",80.1954388587632,48.0534293600366,3.84427434880293,0.913683462065026,0.840588785099824
2015,"Nigeria","Sub-Saharan Africa",81.9316255822767,38.0833592577848,3.04666874062278,0.900099319929465,0.828091374335107
2016,"Nigeria","Sub-Saharan Africa",82.7713311803526,44.7736258502782,3.58189006802226,0.930399125071249,0.85596719506555
2017,"Nigeria","Sub-Saharan Africa",86.1485105222291,47.8146333738531,3.82517066990825,0.913933439041853,0.840818763918504
2018,"Nigeria","Sub-Saharan Africa",86.6769716449913,48.976579448122,3.91812635584976,0.919262710082058,0.845721693275493
2019,"Nigeria","Sub-Saharan Africa",84.7353866110618,47.7440531147512,3.8195242491801,0.943967481625869,0.8684500830958
2020,"Nigeria","Sub-Saharan Africa",88.9680063690956,46.1914774871179,3.69531819896943,0.95688356944755,0.880332883891746
1990,"Pakistan","South Asia",65.255976380837,45.475380639802,11.3688451599505,0.718010939315424,0.660570064170191
1991,"Pakistan","South Asia",65.8219392315721,45.6173313290848,11.4043328322712,0.723699166263006,0.665803232961965
1992,"Pakistan","South Asia",67.8788070111762,48.7319275317967,12.1829818829492,0.700592833591892,0.644545406904541
1993,"Pakistan","South Asia",67.4128626700314,47.7094301535561,11.927357538389,0.722139587987928,0.664368420948894
1994,"Pakistan","South Asia",68.867418565174,53.3903695947226,13.3475923986806,0.747485414662865,0.687686581489836
1995,"Pakistan","South Asia",72.410211076316,56.0308305066237,14.0077076266559,0.766708602480811,0.705371914282346
1996,"Pakistan","South Asia",73.1241725451739,50.8812128788251,12.7203032197063,0.781473832693509,0.718955926078029
1997,"Pakistan","South Asia",72.396046591037,47.4271756023563,11.8567939005891,0.769712160204764,0.708135187388383
1998,"Pakistan","South Asia",73.2790019712818,53.2532310216355,13.3133077554089,0.771980973640867,0.710222495749598
1999,"Pakistan","South Asia",74.4778858595561,56.891295834666,14.2228239586665,0.800036413802444,0.736033500698249
2000,"Pakistan","South Asia",74.8416279766745,61.8692359099741,15.4673089774935,0.797944966069798,0.734109368784215
2001,"Pakistan","South Asia",76.3813948867918,52.6260023052653,13.1565005763163,0.793497225632129,0.730017447581559
2002,"Pakistan","South Asia",80.9167260970678,53.2019548843605,13.3004887210901,0.830950044569109,0.76447404100358
2003,"Pakistan","South Asia",77.2589613404216,51.5297211647149,12.8824302911787,0.817752538131906,0.752332335081354
2004,"Pakistan","South Asia",79.1521310315235,57.2253632953656,14.3063408238414,0.851457626429606,0.783341016315238
2005,"Pakistan","South Asia",79.9576494733854,56.7143374689773,14.1785843672443,0.835887500521325,0.769016500479619
2006,"Pakistan","South Asia",83.1076689609027,57.5391745216588,14.3847936304147,0.861066913797656,0.792181560693843
2007,"Pakistan","South Asia",79.0017957821045,61.0293431276541,15.2573357819135,0.886785788729765,0.815842925631383
2008,"Pakistan","South Asia",81.904525653833,56.7940789882342,14.1985197470586,0.84892076230029,0.781007101316266
2009,"Pakistan","South Asia",85.4030131222158,59.0482767197206,14.7620691799301,0.860053657582279,0.791249364975697
2010,"Pakistan","South Asia",83.2694270279839,58.086964924636,14.521741231159,0.881618193140858,0.81108873768959
2011,"Pakistan","South Asia",85.8853913832732,61.8781313047661,15.4695328261915,0.848869926821341,0.780960332675633
2012,"Pakistan","South Asia",87.9267443120014,55.346560890136,13.836640222534,0.892783030249367,0.821360387829418
2013,"Pakistan","South Asia",86.8197472179817,58.2114690785776,14.5528672696444,0.864610842248824,0.795441974868918
2014,"Pakistan","South Asia",87.8213603175899,61.598393659045,15.3995984147613,0.916990531198788,0.843631288702885
2015,"Pakistan","South Asia",88.3597100529055,62.3472410604167,15.5868102651042,0.937076706792876,0.862110570249446
2016,"Pakistan","South Asia",90.0441255852871,65.7009854283184,16.4252463570796,0.955886498780646,0.879415578878194
2017,"Pakistan","South Asia",93.1786861065495,67.353575655366,16.8383939138415,0.949527313034318,0.873565127991573
2018,"Pakistan","South Asia",93.2385584733202,66.6689929004388,16.6672482251097,0.914101142456568,0.840973051060043
2019,"Pakistan","South Asia",97.9032951717636,67.1059343693769,16.7764835923442,0.976715063406521,0.898577858334
2020,"Pakistan","South Asia",91.4563738018804,64.2474159975275,16.0618539993819,1.00937718752435,0.928627012522402
1990,"USA","High Income",97.4579149344447,90.0205339673182,58.5133470787568,0.977589178723851,0.899382044425943
1991,"USA","High Income",91.4761396556133,87.9772586944702,57.1852181514056,0.96073176745761,0.883873226061001
1992,"USA","High Income",96.0807502781143,94.4128196882004,61.3683327973303,1.00118438358693,0.921089632899973
1993,"USA","High Income",101.380375888884,100.071720675648,65.046618439171,0.964574231085297,0.887408292598474
1994,"USA","High Income",91.2508071613025,83.146045792725,54.0449297652713,0.960237041062219,0.883418077777241
1995,"USA","High Income",96.403255542943,92.5234614684528,60.1402499544943,1.00906917410855,0.928343640179866
1996,"USA","High Income",97.1228791867339,92.2809071124525,59.9825896230941,0.998269460105648,0.918407903297196
1997,"USA","High Income",96.7639038261421,90.8779929752791,59.0706954339314,0.993001450380972,0.913561334350494
1998,"USA","High Income",93.9668562551362,87.8646243192893,57.112005807538,1.00084384029576,0.9207763330721
1999,"USA","High Income",93.5726976441292,90.2598934976615,58.6689307734799,0.996758041214475,0.917017397917317
2000,"USA","High Income",93.3849301898836,90.9219764184863,59.0992846720161,0.984088175635864,0.905361121584995
2001,"USA","High Income",91.7097925262899,90.4973075973997,58.8232499383098,0.961676472036425,0.884742354273511
2002,"USA","High Income",97.9021120699009,88.3206369119761,57.4084139927844,0.993287616762373,0.913824607421384
2003,"USA","High Income",92.9793401335859,93.0736643007425,60.4978817954826,0.975867079215055,0.89779771287785
2004,"USA","High Income",97.2432386242416,95.1961668459697,61.8775084498803,1.01999080737733,0.938391542787147
2005,"USA","High Income",94.8497095670569,89.7659928315233,58.3478953404901,0.983614262459873,0.904925121463083
2006,"USA","High Income",97.2762631213521,93.7121428386575,60.9128928451274,0.977149955427593,0.898977958993386
2007,"USA","High Income",94.6471068507165,87.8724608305007,57.1170995398255,0.991335070843577,0.912028265176091
2008,"USA","High Income",93.7180706962924,84.7574764805059,55.0923597123288,0.97752921181917,0.899326874873637
2009,"USA","High Income",97.5789848135785,88.9500138328048,57.8175089913231,0.995391024914598,0.91575974292143
2010,"USA","High Income",96.8017442472635,90.8479968562169,59.051197956541,0.995642101915598,0.91599073376235
2011,"USA","High Income",98.22407181568,90.7709523661326,59.0011190379862,1.02525612395472,0.943235634038339
2012,"USA","High Income",91.284803847602,87.8089604361217,57.0758242834791,0.984095695655389,0.905368040002958
2013,"USA","High Income",98.5710724365954,94.2816552090718,61.2830758858967,0.976529958862333,0.898407562153346
2014,"USA","High Income",98.3492729073154,95.3152718083447,61.954926675424,0.998352459824618,0.918484263038648
2015,"USA","High Income",97.7150003298758,93.5698728306677,60.820417339934,0.95524647006067,0.878826752455816
2016,"USA","High Income",98.0884328506093,87.8660876680439,57.1129569842285,1.02962683464898,0.947256687877064
2017,"USA","High Income",98.6022805699832,98.278455965348,63.8809963774762,1.00887066302601,0.928161009983933
2018,"USA","High Income",98.034887359654,94.0828443792625,61.1538488465206,0.989190035332246,0.910054832505667
2019,"USA","High Income",99.6722470568387,94.9298246490351,61.7043860218728,0.99201746124354,0.912656064344057
2020,"USA","High Income",99.4609559723335,100.231704102301,65.1506076664957,0.992196968968382,0.912821211450911
1990,"Japan","High Income",97.5148072303649,91.3003290769302,59.3452139000046,0.978981336792034,0.900662829848671
1991,"Japan","High Income",96.8291361028589,91.7449744317597,59.6342333806438,0.982090055901207,0.90352285142911
1992,"Japan","High Income",93.2321576483558,87.2574101651844,56.7173166073699,0.96949562990042,0.891935979508387
1993,"Japan","High Income",92.584035368892,87.526196809997,56.892027926498,1.00163368077038,0.921502986308748
1994,"Japan","High Income",90.9777986876829,87.9049926647435,57.1382452320833,0.97188065698926,0.894130204430119
1995,"Japan","High Income",95.6881771056979,90.2510730842569,58.663197504767,1.01995916310197,0.938362430053811
1996,"Japan","High Income",96.8083241271051,91.493879244962,59.4710215092253,0.98283697107067,0.904210013385016
1997,"Japan","High Income",95.3998209222839,94.8826551209507,61.673725828618,0.970358687733273,0.892729992714612
1998,"Japan","High Income",95.6138837231142,91.4798315333047,59.4618904966481,1.00173917635462,0.921600042246254
1999,"Japan","High Income",96.177434875839,92.5615595030303,60.1650136769697,0.973572110624845,0.895686341774857
2000,"Japan","High Income",92.8930685655916,85.404403790053,55.5128624635344,0.995444035226976,0.915808512408818
2001,"Japan","High Income",97.2338835437462,91.3613439821818,59.3848735884182,1.02171632740765,0.939979021215038
2002,"Japan","High Income",92.3857001287948,90.589413011969,58.8831184577798,0.987714752816201,0.908697572590905
2003,"Japan","High Income",96.2851841076654,84.0136359986586,54.6088633991281,0.999202114034236,0.919265944911497
2004,"Japan","High Income",98.8465161744639,97.8429256591436,63.5979016784434,1.01583724714708,0.934570267375313
2005,"Japan","High Income",97.2926660581644,86.8624032914848,56.4605621394651,0.997430172744509,0.917635758924948
2006,"Japan","High Income",94.9342626534606,93.7646176717705,60.9470014866508,0.990783460806521,0.911520783941999
2007,"Japan","High Income",95.6834886860571,89.041598687403,57.8770391468119,1.01039684493613,0.929565097341237
2008,"Japan","High Income",92.0517719928834,91.2863549289748,59.3361307038336,0.966684833370338,0.889350046700711
2009,"Japan","High Income",97.3207200935888,92.1200325181425,59.8780211367926,1.00964409459126,0.928872567023958
2010,"Japan","High Income",97.3514460334841,88.5666315944622,57.5683105364004,0.98459137262369,0.905824062813795
2011,"Japan","High Income",100.479645055631,93.3382432985723,60.669858144072,0.981755468133476,0.903215030682798
2012,"Japan","High Income",93.0845734288802,89.0026946676252,57.8517515339564,0.962035983206459,0.885073104549942
2013,"Japan","High Income",97.7680839674556,92.0744214368292,59.848373933939,1.00064420803195,0.920592671389396
2014,"Japan","High Income",98.0679258647071,94.4469966346637,61.3905478125314,0.98163210850389,0.903101539823579
2015,"Japan","High Income",100.449963654059,95.30949247576,61.951170109244,1.0142440889406,0.933104561825349
2016,"Japan","High Income",98.4551186824458,98.4510098236605,63.9931563853794,0.98862450540942,0.909534544976667
2017,"Japan","High Income",96.1003757856012,92.733444115174,60.2767386748631,1.01705083551674,0.935686768675397
2018,"Japan","High Income",97.3604981855559,91.8860686402787,59.7259446161812,0.996651494551818,0.916919374987672
2019,"Japan","High Income",95.800166192266,90.5694434343557,58.8701382323312,1.04541280369104,0.961779779395757
2020,"Japan","High Income",97.7699567392401,88.4553809907344,57.4959976439774,0.99387246728836,0.914362669905292
1990,"South Korea","High Income",94.2919739679868,91.5635682389824,59.5163193553386,0.998872942038739,0.91896310667564
1991,"South Korea","High Income",98.7857974331628,94.8638650214555,61.6615122639461,0.980269273670258,0.901847731776637
1992,"South Korea","High Income",98.6040009397895,98.2450069673219,63.8592545287592,0.985720040360831,0.906862437131965
1993,"South Korea","High Income",95.0075641339756,89.8668004667553,58.4134203033909,0.992603946918979,0.913195631165461
1994,"South Korea","High Income",98.3623752627592,96.1938460810516,62.5259999526836,0.959479431279222,0.882721076776885
1995,"South Korea","High Income",95.2962741779802,94.3422484113813,61.3224614673979,0.97055391557207,0.892909602326305
1996,"South Korea","High Income",96.3338992478536,90.2549968287113,58.6657479386624,0.980665220277356,0.902212002655168
1997,"South Korea","High Income",98.1171833774756,90.9405184835934,59.1113370143357,0.974912910324896,0.896919877498905
1998,"South Korea","High Income",94.1683949185539,90.9532052809078,59.11958343259,1.00599613153383,0.925516441011122
1999,"South Korea","High Income",95.0716877441744,90.811249452889,59.0273121443779,1.00506113860692,0.924656247518368
2000,"South Korea","High Income",95.7892441929142,87.6610162641733,56.9796605717127,1.00447840927295,0.924120136531111
2001,"South Korea","High Income",99.5283805052182,96.8538510472253,62.9550031806965,0.97026142617938,0.892640512085029
2002,"South Korea","High Income",96.4586303838417,96.9603976517944,63.0242584736664,1.01323429940666,0.932175555454126
2003,"South Korea","High Income",97.4836671066308,85.1050190798022,55.3182624018714,0.99791304904378,0.918080005120277
2004,"South Korea","High Income",94.8938382126645,91.5783011810584,59.5258957676879,0.959686927520558,0.882911973318913
2005,"South Korea","High Income",96.2885593468872,90.6206744870194,58.9034384165626,1.00869502176181,0.927999420020865
2006,"South Korea","High Income",97.7729402141167,92.4480785437058,60.0912510534088,0.981199963429725,0.902703966355347
2007,"South Korea","High Income",96.0843339637672,88.946521759363,57.815239143586,0.993349001764093,0.913881081622966
2008,"South Korea","High Income",95.3753643819946,86.9655740435091,56.5276231282809,1.00055224624599,0.920508066546315
2009,"South Korea","High Income",96.8860735835835,90.0139287479977,58.5090536861985,0.98233556897446,0.903748723456503
2010,"South Korea","High Income",97.8511049268831,92.0309172614742,59.8200962199583,1.00141565492694,0.921302402532784
2011,"South Korea","High Income",96.5265483857883,84.9338717535643,55.2070166398168,1.0129677490685,0.93193032914302
2012,"South Korea","High Income",96.6733851813175,96.1635314217033,62.5062954241072,1.01421007511776,0.933073269108341
2013,"South Korea","High Income",96.8860946997153,92.064600048033,59.8419900312215,0.975832689295391,0.89776607415176
2014,"South Korea","High Income",99.8716847887719,93.226546958198,60.5972555228287,1.00632800106705,0.925821760981683
2015,"South Korea","High Income",99.7194884603225,98.2549984140015,63.865748969101,1.03260235818652,0.949994169531603
2016,"South Korea","High Income",96.8649044910395,93.017811239242,60.4615773055073,0.980611177143863,0.902162282972354
2017,"South Korea","High Income",104.312867291063,102.43745710948,66.584347121162,0.995614433874907,0.915965279164915
2018,"South Korea","High Income",96.7836318008108,90.5833830212529,58.8791989638144,1.00044170871652,0.920406372019195
2019,"South Korea","High Income",100.29154855187,96.3033626340986,62.5971857121641,1.00755750423185,0.926952903893305
2020,"South Korea","High Income",96.9554404803677,95.1591470901317,61.8534456085856,0.964078899573062,0.886952587607217
1990,"Norway","High Income",94.1006150827422,90.2537451218613,58.6649343292098,1.02960378665629,0.947235483723788
1991,"Norway","High Income",94.5128992497396,92.8006568202933,60.3204269331906,0.989690930625922,0.910515656175848
1992,"Norway","High Income",95.9105820276876,95.0245893751232,61.7659830938301,0.95632555765166,0.879819513039528
1993,"Norway","High Income",96.1185097102458,94.892070276405,61.6798456796633,0.968812029882663,0.89130706749205
1994,"Norway","High Income",95.4711458730514,88.8421300125639,57.7473845081665,0.962479819034672,0.885481433511899
1995,"Norway","High Income",95.8331607104397,97.2188713501529,63.1922663775994,0.986289493391079,0.907386333919792
1996,"Norway","High Income",95.2698649499403,92.3407681352962,60.0214992879425,1.01145312936176,0.930536879012816
1997,"Norway","High Income",95.6913821055418,92.0152749069396,59.8099286895107,0.994959578153319,0.915362811901054
1998,"Norway","High Income",96.3621082266156,86.0769542927627,55.9500202902958,0.962533779869843,0.885531077480256
1999,"Norway","High Income",96.7544936114293,93.941056808483,61.0616869255139,0.967836034958633,0.890409152161943
2000,"Norway","High Income",95.7641861142826,95.7251846977273,62.2213700535227,0.970342739899394,0.892715320707443
2001,"Norway","High Income",95.810382055583,89.5720562733077,58.22183657765,0.992122825511608,0.91275299947068
2002,"Norway","High Income",95.3932034117067,85.6159255309474,55.6503515951158,0.992398422338486,0.913006548551407
2003,"Norway","High Income",99.0321463760595,94.7048010173793,61.5581206612965,1.0144302846401,0.933275861868892
2004,"Norway","High Income",97.7097873329328,89.6534139376789,58.2747190594913,1.01698226239266,0.935623681401252
2005,"Norway","High Income",95.9964952261853,93.6423541069927,60.8675301695453,0.98996816465641,0.910770711483897
2006,"Norway","High Income",94.6334147521441,89.2238449733293,57.9954992326641,1.00512606886755,0.924715983358148
2007,"Norway","High Income",97.1196168179813,89.4120907227544,58.1178589697903,0.97586875553818,0.897799255095126
2008,"Norway","High Income",98.5934224076465,96.8100354756679,62.9265230591841,0.993362853071403,0.913893824825691
2009,"Norway","High Income",96.922271788383,94.9067793383697,61.6894065699403,1.00469354073759,0.924318057478585
2010,"Norway","High Income",99.9329178396829,94.0039283905216,61.102553453839,1.0058349692201,0.925368171682489
2011,"Norway","High Income",98.8321460887589,93.2747950810272,60.6286168026677,0.982218902004341,0.903641389843994
2012,"Norway","High Income",100.500392354396,94.1333905435112,61.1867038532823,0.985203714195074,0.906387417059468
2013,"Norway","High Income",98.0602333259213,92.7564332237113,60.2916815954124,1.01112890230927,0.93023859012453
2014,"Norway","High Income",98.2607916628255,93.9259513707543,61.0518683909903,0.981263171911568,0.902762118158642
2015,"Norway","High Income",96.9725380211126,92.7551920110909,60.2908748072091,0.973841001107528,0.895933721018926
2016,"Norway","High Income",99.8574621069505,92.877555733924,60.3704112270506,0.969383015318974,0.891832374093456
2017,"Norway","High Income",97.0081574988057,97.3131488484867,63.2535467515164,0.987675257127576,0.90866123655737
2018,"Norway","High Income",94.0889306875863,89.6375278206207,58.2643930834034,1.03011794104795,0.947708505764113
2019,"Norway","High Income",98.5447528712512,86.5594799908848,56.2636619940751,1.01227513549871,0.931293124658816
2020,"Norway","High Income",95.367326640822,89.150105885465,57.9475688255522,0.968854585591311,0.891346218744006
